Tên,Đánh giá,Thời gian,Review,sentiment,pain_point_flag,category,summary
Zhui Ri,1 sao,3 năm trước trên,"Vị trí có vẻ tuyệt vời, nhưng không thuận tiện cho việc đi bộ; bạn sẽ cần phải có người đưa đón hoặc phương tiện cá nhân trừ khi bạn cảm thấy thoải mái khi đi bộ băng qua con đường gần như là đường cao tốc để đến khu mua sắm. Phòng chúng …",Negative,True,Location_and_Access,"Vị trí khó tiếp cận cho người đi bộ, cần phương tiện di chuyển."
THE LAM LAW,3 sao,2 năm trước trên,Tòa nhà dễ tiếp cận nhưng có vẻ thiếu lễ tân sảnh để phục vụ tiện ích cho khách thăm,Negative,True,Staff_Service,Thiếu lễ tân phục vụ khách.
HyeongJune Kim,3 sao,2 năm trước trên,"Tôi đặt phòng qua Airbnb, nhưng

đó là một chỗ ở kiểu cũ, trông cổ hơn nhiều so với ảnh. …",Negative,True,Room_Amenities,"Phòng cũ kỹ, không giống hình ảnh quảng cáo."
Nancy Lebrun,3 sao,3 tháng trước trên,"Phòng của chúng tôi cũ kỹ và rất bẩn. May mắn là bể bơi khá ổn, nếu không thì tôi đã không quay lại đây nữa. Đừng phí tiền ở đây.",Negative,True,Cleanliness,"Phòng cũ và rất bẩn, không đáng tiền."
Greg Cha,3 sao,2 năm trước trên,"Về mặt tích cực, căn hộ nằm ở vị trí thuận tiện để đi đến trung tâm thành phố. Ngoại thất, an ninh và sự sạch sẽ (các tiện ích chung như hành lang và sảnh) được bảo trì tốt. Về mặt tiêu cực, thiếu các tiện nghi như nhà hàng và quán cà phê …",Neutral,True,Room_Amenities,"Vị trí tốt và sạch sẽ nhưng thiếu các tiện ích như nhà hàng, quán cà phê."
Mah Abdul “Kalla”,3 sao,3 năm trước trên,😶‍🌫️ …,Neutral,False,,Không có nội dung cụ thể.
Nolan Hoang,3 sao,một năm trước trên,Tòa nhà rất cũ,Negative,True,Room_Amenities,Tòa nhà đã quá cũ.
VANNAM BOOKING,4 sao,5 năm trước trên,"Chung cư tuy cũ nhưng được bảo dưỡng khá sạch sẽ, mang phong cách 1 khách sạn cổ điển Châu Âu, có cảm giác đang đi ở khách sạn nhiều hơn cảm giác 1 căn hộ gia đình",Positive,False,Boutique_Experience,"Chung cư cũ nhưng sạch sẽ, mang phong cách khách sạn cổ điển."
Chi N Nguyen,4 sao,2 năm trước trên,"tiện nghi khá ổn, ở thoải mái nhưng hơi phiền vì khá xa các trung tâm thương mại, dịch vụ",Neutral,True,Location_and_Access,Tiện nghi ổn nhưng vị trí xa các trung tâm thương mại.
Lê Tuấn Nguyễn,4 sao,2 năm trước trên,"Chung cư xây lâu, khá cao cấp",Positive,False,Others,Chung cư xây lâu nhưng vẫn giữ được sự cao cấp.
Hcm Hutech,4 sao,4 năm trước trên,"Vị trí thuận lợi, kiến trúc đẹp",Positive,False,Location_and_Access,Vị trí thuận lợi và kiến trúc đẹp.
VANNHA NGUYEN,4 sao,4 năm trước trên,Tôi không thích Đăng ảnh của tôi,Negative,True,Others,Khách hàng không hài lòng về việc sử dụng hình ảnh cá nhân.
Trip.com Member,4 sao,4 tháng trước trên,"Vị trí chỗ ở khá tốt. Trung tâm Quận 1 và các địa danh cách đó khoảng 10 phút. Tòa nhà hơi cũ, nhưng bên trong sạch sẽ. Tôi có thể liên hệ với quản lý ngay lập tức. Có một cửa hàng tiện lợi ở tầng một. Tôi dự định sẽ ở lại đây lần nữa vào lần sau. Nhược điểm duy nhất là nội thất không được dọn dẹp trong suốt 3 đêm tôi ở đó.",Neutral,True,Cleanliness,Vị trí tốt và sạch sẽ nhưng nội thất không được dọn dẹp trong suốt thời gian lưu trú.
Trip.com Member,4 sao,8 tháng trước trên,"Vị trí an toàn và giá cả hợp lý. Trước khi đặt phòng, tôi thấy các đánh giá trực tuyến đề cập đến dịch vụ giặt ủi miễn phí, nhưng dịch vụ này không có sẵn trong phòng, và bạn sẽ không tìm thấy nó ngoài giờ sáng sớm. Tuy nhiên, có một cửa …",Neutral,True,Room_Amenities,Giá hợp lý nhưng dịch vụ giặt ủi không đúng như quảng cáo.
Trip.com Member,4 sao,9 tháng trước trên,"Nhìn chung, tôi khá hài lòng khi ở khách sạn này. Nó đáp ứng đúng những gì bạn cần. Như đã nêu trong mô tả, phòng không có cửa sổ và không quá rộng rãi, nhưng rất sạch sẽ, đầy đủ tiện nghi, được thiết kế chu đáo và trang nhã. Tôi chắc chắn sẽ quay lại đây lần nữa.",Positive,False,Room_Amenities,"Phòng sạch sẽ, tiện nghi và thiết kế đẹp dù không có cửa sổ."
KEN LOUGH,4 sao,2 năm trước trên,"Tòa nhà chung cư cũ, hơi xa trung tâm thành phố một chút, nhưng gần Landmark 81 với khu mua sắm tuyệt vời và tòa tháp Sky Tower. Công viên Vincom là nơi thư giãn tuyệt vời. Tất cả nhân viên tại Manor 2 đều rất nhiệt tình giúp đỡ. Rất sạch sẽ, hồ bơi tuy hơi cũ nhưng được bảo trì tốt và sạch sẽ.",Positive,False,Staff_Service,"Nhân viên nhiệt tình, khách sạn sạch sẽ và gần các khu tiện ích."
Ak,4 sao,3 năm trước trên,"Căn hộ hơi cũ nhưng vẫn khá tốt. Tầng 25 có hồ bơi khá đẹp và tầm nhìn tuyệt vời. Mặc dù thiết kế có vẻ hơi lỗi thời, nhưng đây vẫn là một nơi ở không tồi. Có một vài cửa hàng tiện lợi gần đó.",Neutral,False,Room_Amenities,Căn hộ hơi cũ nhưng có hồ bơi đẹp và vị trí thuận tiện.
Trip.com Member,4 sao,4 tháng trước trên,"Tình trạng tốt, dịch vụ tốt, môi trường tốt, vị trí tốt.",Positive,False,Others,Đánh giá tốt về mọi mặt từ dịch vụ đến vị trí.
JJJ ・,4 sao,2 năm trước trên,Đây là một bể bơi tuyệt đẹp.,Positive,False,Room_Amenities,Bể bơi đẹp.
Trip.com Member,4 sao,7 tháng trước trên,"Vị trí thuận tiện, đầy đủ tiện nghi, view đẹp từ giường, rất thích ở đây, có siêu thị 7/11 ở tầng trệt.",Positive,False,Location_and_Access,"Vị trí thuận tiện, tiện nghi đầy đủ và view đẹp."
Trip.com Member,4 sao,10 tháng trước trên,Nó ngon tuyệt.,Positive,False,F_and_B,The food is delicious.
Trip.com Member,4 sao,9 tháng trước trên,"Tôi rất hài lòng! Tôi muốn quay lại đây lần nữa. Mặc dù là một tòa nhà cũ, nhưng nó được bảo trì khá tốt, và tôi được biết rằng đối với những kỳ nghỉ dài ngày, việc dọn dẹp được thực hiện định kỳ, nếu không phải mỗi ngày. Chủ nhà rất tốt …",Positive,False,Staff_Service,"Great experience, well-maintained building, and very kind host."
Trip.com Member,4 sao,một năm trước trên,"Phòng là phòng studio, nhưng nhìn chung sạch sẽ và ngăn nắp. Vì hơi cũ nên cảm giác hơi lỗi thời, nhưng nhìn chung, tôi đã ở đó mà không gặp vấn đề gì lớn.",Neutral,False,Cleanliness,"Clean and tidy studio, though the decor feels a bit dated."
Tuấn Trần Anh,5 sao,5 tháng trước trên,Mình có trải nghiệm tốt tại đây. Nhân viện thân thiện và hỗ trợ nhiệt tình. Hầm giữ xe rộng rãi. Các tiện ích xung quanh đầy đủ.,Positive,False,Staff_Service,"Friendly staff, helpful service, and convenient parking."
Ngô Thị mai,5 sao,một năm trước trên,"Chị rất vui khi gặp đc e kì duyên hứa bao xe  2 chiều 1 Chiều đi 1chiều về ,và chị nhận 1tiểng đến bên e kì duyên và 1chuyến bao về với e , và chị mai nhận đc vêchrer 3ngày 2 đêm, chị đem cccd sản rồi đem cccd chị mai về",Neutral,False,Others,Review regarding booking arrangements and transportation.
Uyen Pham,5 sao,3 năm trước trên,"Nói về chỗ ở gần trung tâm và thuận tiện di chuyển thì mình thật sự thích The Manor, so với Vinhomes central park thì giá bên này rẻ hơn, nhưng với việc quản lý rất tốt thì The Manor rất đáng sống",Positive,False,Pricing_and_Fees,"Good location, affordable price, and excellent management."
Justin Mr.,5 sao,2 năm trước trên,"Bảo vệ nhiệt tình phục vụ như khách sạn dù đây là apartment, hành lang, thang máy luôn sạch sẽ.",Positive,False,Staff_Service,Enthusiastic security staff and clean common areas.
ngoc sam Nguyen,5 sao,Thời gian chỉnh sửa: 11 tháng trước trên,👍 …,Positive,False,,Positive feedback.
Miy0 My,5 sao,4 năm trước trên,Nhìn ngắm sài gòn với những ngày không làm gì,Positive,False,,Enjoyed the view and relaxing atmosphere.
Kim Nguyễn,5 sao,3 năm trước trên,Yên bình,Positive,False,Noise_and_Quietness,Peaceful environment.
Cang Justin,5 sao,3 năm trước trên,Tuyệt vời,Positive,False,Others,Tuyệt vời
Bảo Long,5 sao,2 năm trước trên,"Lịch sự , hầm gửi xe thoáng",Positive,False,Others,Lịch sự và hầm gửi xe thoáng
Willson Huỳnh,5 sao,một năm trước trên,Tốt,Positive,False,Others,Tốt
Lam Le,5 sao,2 năm trước trên,Tuyệt,Positive,False,Others,Tuyệt
Nhân Lê,5 sao,4 năm trước trên,Đẹp,Positive,False,Boutique_Experience,Đẹp
Trip.com Member,5 sao,7 tháng trước trên,"Phòng ấm cúng và rộng rãi. Vị trí thuận tiện, gần mọi thứ. Tôi đã có một kỳ nghỉ tuyệt vời và thoải mái, tôi rất khuyên bạn nên chọn nơi này.",Positive,False,Room_Amenities,"Phòng ấm cúng, rộng rãi và vị trí thuận tiện"
Trip.com Member,5 sao,9 tháng trước trên,"Tôi đã có một kỳ nghỉ tuyệt vời. Bể bơi trên tầng 25 rất tuyệt, và tôi đánh giá cao việc có chỗ đậu xe dành cho taxi Grab. Ngoài ra còn có một cửa hàng tiện lợi nhỏ ở tầng một.",Positive,False,Boutique_Experience,"Bể bơi đẹp, tiện ích đậu xe và cửa hàng tiện lợi tốt"
Liam G.,5 sao,2 năm trước trên,"Vị trí tuyệt vời! Nằm ngay giữa nhiều khu vực và chỉ cách trung tâm quận 1 10 phút đi xe. Tầm nhìn ngoạn mục ra tòa nhà Landmark 81 nếu bạn có thể đặt phòng hướng Bắc/Đông. Bể bơi trên sân thượng tuyệt vời, tầm nhìn bao quát tuyệt đẹp và …",Positive,False,Location_and_Access,"Vị trí tuyệt vời, view đẹp và bể bơi sân thượng ấn tượng"
Craig Lock,5 sao,2 năm trước trên,"Tôi thích ở đây, tôi ở tầng cao nhất nên rất yên tĩnh, không bị ảnh hưởng bởi tiếng ồn giao thông bên dưới. Đi bộ khoảng 40 phút là vào trung tâm thành phố, nhưng ở khu vực đó có một số nhà hàng và quán cà phê ngon. Ngoài ra còn có một siêu …",Positive,False,Noise_and_Quietness,Yên tĩnh ở tầng cao và gần nhiều nhà hàng
Hello World,5 sao,2 năm trước trên,"Tôi từng đến đây một lần với tư cách kỹ thuật viên để hỗ trợ khách hàng. Nơi này nằm trên đường Nguyễn Hữu Canh, có view rất đẹp, đối diện cổng vào là tòa nhà Landmark 81, tòa nhà mà tôi rất thích. An ninh tốt và bảo vệ thân thiện. Thiết kế căn hộ đẹp, tôi rất ấn tượng.",Positive,False,Boutique_Experience,"Thiết kế đẹp, an ninh tốt và bảo vệ thân thiện"
amar,5 sao,một năm trước trên,"Vị trí tuyệt vời tại khu trung tâm thương mại Sài Gòn, gần quán rượu Bác Long Phương. Tòa nhà có tầm nhìn hoàn hảo ra màn trình diễn pháo hoa. Khu vực rất an ninh và có chỗ đậu xe. Nhân viên tòa nhà nhiệt tình và chuyên nghiệp. Rất đáng để lựa chọn!",Positive,False,Location_and_Access,"Vị trí tuyệt vời, an ninh tốt và nhân viên chuyên nghiệp."
Souman Sh,5 sao,2 năm trước trên,"Nơi tuyệt vời để ở, tôi đã ở đây 2 ngày qua Airbnb và rất hài lòng.

Mọi thứ đều gọn gàng và sạch sẽ. Quảng trường Thời đại chỉ cách đó 5 km. …",Positive,False,Cleanliness,"Nơi ở gọn gàng, sạch sẽ và vị trí thuận tiện."
Tom Lee,5 sao,3 năm trước trên,"Tòa nhà Manor có vị trí rất thuận lợi và dễ dàng tiếp cận. Tòa nhà và các căn hộ đều trang nhã và được xây dựng tốt. Thiết kế bao gồm nhiều không gian mở, được ngăn cách khỏi tiếng ồn và sự hối hả nhộn nhịp của con đường phía trước.",Positive,False,Noise_and_Quietness,"Thiết kế trang nhã, không gian yên tĩnh dù nằm ở vị trí trung tâm."
Trip.com Member,5 sao,7 tháng trước trên,"Địa điểm thuận tiện, và chủ nhà Jincheol phản hồi nhanh chóng.",Positive,False,Staff_Service,Địa điểm thuận tiện và chủ nhà phản hồi nhanh.
Trip.com Member,5 sao,7 tháng trước trên,"Nơi này sạch sẽ, không chật chội và rất tiện lợi vì có cửa hàng tiện lợi gần đó.",Positive,False,Cleanliness,"Nơi ở sạch sẽ, không gian thoải mái và gần cửa hàng tiện lợi."
Mark Waldron,5 sao,2 năm trước trên,"Căn hộ tuyệt vời, hồ bơi đẹp, vị trí đắc địa, và chỉ cách chợ Bình Thạnh, đường Bùi Viện một quãng ngắn. …",Positive,False,Location_and_Access,Căn hộ tuyệt vời với hồ bơi đẹp và vị trí đắc địa.
Abhijith Balakrishnan,5 sao,2 năm trước trên,"Căn hộ đẹp với nhân viên thân thiện, cửa hàng tiện lợi Seven Eleven và hồ bơi sạch sẽ trên sân thượng.",Positive,False,Room_Amenities,"Căn hộ đẹp, nhân viên thân thiện và có hồ bơi sạch."
Thuý Phạm,5 sao,3 năm trước trên,"Các câu lạc bộ rất tốt với giá cả phải chăng, Nam rất nhiệt tình và thân thiện.",Positive,False,Staff_Service,"Dịch vụ tốt, giá cả phải chăng và nhân viên nhiệt tình."
R D,5 sao,3 năm trước trên,"Thuận tiện bắt taxi đi vào thành phố và mua sắm
Tôi rất thích căn hộ này.",Positive,False,Location_and_Access,Thuận tiện di chuyển và mua sắm.
Hung-Man VU,5 sao,2 năm trước trên,Nơi lưu trú tốt. Sạch sẽ.,Positive,False,Cleanliness,Nơi lưu trú tốt và sạch sẽ.
Jeffrey Lao,5 sao,2 năm trước trên,"Bảo mật và riêng tư, trên hết là thay đổi kết nối.",Positive,False,Boutique_Experience,Khách sạn mang lại cảm giác riêng tư và bảo mật tốt.
#AI ONPASSIVE VIET NAM,5 sao,một năm trước trên,Tuyệt,Positive,False,Others,Đánh giá tích cực ngắn gọn.
Nguyễn Thuỳ Linh,5 sao,2 năm trước trên,Được rồi,Neutral,False,Others,Trải nghiệm ở mức trung bình.
Minh Thanh,5 sao,2 năm trước trên,Chúc mừng sinh nhật Voi.,Neutral,False,Others,Lời chúc mừng sinh nhật.
Huong Vu,5 sao,2 tháng trước trên,"Khách sạn có bãi đỗ oto.  Ở Sài Gòn mà kiếm dc chỗ ở có bãi oto ít chỗ có lắm luôn nhưng ksan này có nhé. Phòng rất rộng và thoải mái, đầy đủ tiện nghi
Lễ tân và bell đều dễ thương. Chiều mỗi ngày đều có bạn mang bánh đặc sản lên …",Positive,False,Room_Amenities,"Khách sạn có bãi đỗ xe thuận tiện, phòng rộng rãi và dịch vụ chu đáo."
Traveler55158016782,5 sao,5 tháng trước trên,"Tuần trước trong chuyến du lịch TP.HCM, vợ chồng tôi ở một căn hộ tại Landmark gần đó và tình cờ biết đến khách sạn Oakwood Hotel & Apartments Saigon. Sau khi ghé trải nghiệm, chúng tôi thực sự rất hài lòng.|Khách sạn có cơ sở vật chất rất …",Positive,False,Room_Amenities,Khách hàng hài lòng với cơ sở vật chất của khách sạn.
Trung Nguyễn,5 sao,4 tháng trước trên,"Mình vừa có dịp lưu trú tại Oakwood Hotel & Apartments Saigon và thật sự rất hài lòng. Khách sạn có vị trí khá thuận tiện, dễ dàng di chuyển đến trung tâm cũng như các khu vực ăn uống, giải trí. …",Positive,False,Location_and_Access,Vị trí thuận tiện cho việc di chuyển và giải trí.
sơn trần văn,1 sao,2 tháng trước trên,"Shipper. Giao hàng có mấy đồng 1 đơn mà đâụ xe bên ngoài bảo vệ không cho, bắt gửi xe trong toà nhà. Đồng ý vậy đi, mà phí gửi xe chém tới 15k/lượt cho xe máy, phí còn mắc hơn mấy toà nhà chọc trời khu trung tâm quận 1. Bảng giá gửi xe cũng …",Negative,True,Pricing_and_Fees,Phí gửi xe quá cao và quy định đỗ xe gây bất tiện cho shipper.
Iris Moon,5 sao,2 tháng trước trên,"Mình rất hài lòng với dịch vụ cũng như tiện nghi ở đây. Chỉ có điều làm mình hơi khó chịu đó là lúc lễ tân làm thủ tục đã vô tình đọc thành tiếng thông tin cá nhân của mình. Mặc dù chỉ là ngày tháng năm sinh thôi nhưng mình vẫn thấy không thoải mái, hy vọng lễ tân sẽ khắc phục điều này",Negative,True,Staff_Service,Nhân viên lễ tân làm lộ thông tin cá nhân của khách hàng.
Pioneer01337107177,5 sao,3 tháng trước trên,"Tôi đã có những trải nghiệm thật sự tuyệt vời tại nơi đây khi đi cùng bạn. Ngay từ lúc nhận phòng, chúng tôi đã cảm nhận được sự thân thiện và hiếu khách từ đội ngũ nhân viên – luôn niềm nở, tận tình hỗ trợ. Không gian phòng sạch sẽ, gọn …",Positive,False,Staff_Service,"Nhân viên thân thiện, nhiệt tình và phòng ốc sạch sẽ."
Venture50365989868,5 sao,2 tháng trước trên,"Khách sạn rất đẹp, nhân viên tận tình và chuyên nghiệp trong phục vụ, view phòng thoáng mát sạch sẽ.",Positive,False,Staff_Service,"Khách sạn đẹp, nhân viên tận tình, phòng sạch sẽ."
Journey45971810800,5 sao,5 tháng trước trên,"Trải nghiệm tại Oakwood thật sự đáng đồng tiền bát gạo. Phòng ốc thiết kế tinh tế, hiện đại và ấm cúng như ở nhà. Nhân viên hỗ trợ tận tâm, chuyên nghiệp. Một lựa chọn hoàn hảo cho kỳ nghỉ.",Positive,False,Boutique_Experience,"Trải nghiệm đáng tiền, phòng thiết kế tinh tế, nhân viên chuyên nghiệp."
Journey10733817818,5 sao,2 tháng trước trên,Phòng mới hiện đại tiện nghi. Nhân viên chuyên nghiệp. Sẽ quay lại cho dịp tới,Positive,False,Room_Amenities,"Phòng hiện đại, tiện nghi, nhân viên chuyên nghiệp."
Phong Truong,5 sao,6 tháng trước trên,Vi trí kg quá ồn ào. Phòng sach đầy đủ tiện nghi. Các bạn nhân viên vui vẻ thân thiện. Tuyệt vời.,Positive,False,Location_and_Access,"Vị trí yên tĩnh, phòng sạch, nhân viên thân thiện."
Global37953815946,5 sao,6 tháng trước trên,"Rất thoải mái khi ở tại đây, khách sạn thật chu đáo khi đáp ứng các nhu cầu của mình, mình thật sự đánh giá cao cách họ phục vụ tại đây. Mình sẽ giới thiệu nơi này cho người thân và bạn bè của mình, vị trí khách sạn cũng rất thuận lợi mặc dù hơi xa trung tâm quận 1 nhưng chỉ tốn 10-15 phút đi xe vẫn rất là tiện.",Positive,False,Staff_Service,"Dịch vụ chu đáo, vị trí thuận lợi dù hơi xa trung tâm."
FarAway62082108019,5 sao,7 tháng trước trên,Trải nghiệm tại Oakwood thật sự đáng nhớ. Khách sạn không chỉ là nơi nghỉ ngơi mà còn mang đến cảm giác ấm áp và thân thiện thông qua chất lượng dịch vụ tuyệt vời. Từ không gian đến cách phục vụ đều khiến tôi cảm thấy gần gũi như đang ở …,Positive,False,Boutique_Experience,"Trải nghiệm đáng nhớ, không gian ấm áp và dịch vụ tuyệt vời."
Bình Hứa,5 sao,9 tháng trước trên,"Giữa vô vàn các khách sạn trên khắp Sài Gòn, thật sự mình rất thích nơi đây, cảm giác thật sự rất thân thuộc, mọi thứ họ cung cấp đều rất chu đáo và chuyên nghiệp. các bạn nhân viên đều rất hỗ trợ và nhiệt tình, mình thích cách bài trí từ …",Positive,False,Boutique_Experience,"Cảm giác thân thuộc, dịch vụ chu đáo và nhân viên nhiệt tình."
_cnM6102JA,5 sao,7 tháng trước trên,"Khách sạn 4 sao với dịch vụ chuyên nghiệp và không gian sạch sẽ, thoải mái. Nhân viên thân thiện, hỗ trợ nhiệt tình và luôn tạo cảm giác dễ chịu cho khách. Tôi rất hài lòng và sẽ quay lại trong những lần lưu trú tiếp theo.",Positive,False,Staff_Service,"Dịch vụ chuyên nghiệp, không gian sạch sẽ, nhân viên thân thiện."
Passport20529896744,5 sao,6 tháng trước trên,"Chúng tôi đánh giá cao sự nhiệt tình và tận tâm của các bạn nhân viên, đội ngũ lễ tân đã làm cho kì nghỉ chúng tôi trở nên tuyệt vời, chúng tôi sẽ quay lại trong thời gian sớm nhất.",Positive,False,Staff_Service,Đội ngũ nhân viên nhiệt tình và tận tâm.
Trí Vũ,5 sao,5 tháng trước trên,"Phòng đẹp, sạch sẽ. Dịch vụ tốt. Lễ tân lịch sự và vị trí đẹp.",Positive,False,Room_Amenities,"Phòng đẹp, sạch sẽ, dịch vụ tốt và vị trí đẹp."
Nha Trang,5 sao,9 tháng trước trên,"Tôi đã ở ks Oakwood tại Tp Hồ Chí Minh trong chuyến công tác vừa rồi. Đây quả thật là một nơi đã cho tôi trải nghiệm các dịch vụ chuyên nghiệp, tinh tế đến từng chi tiết, xứng đáng là ks đạt tiêu chuẩn đẳng cấp quốc tế. Phòng ốc sạch sẽ, …",Positive,False,Boutique_Experience,"Trải nghiệm dịch vụ chuyên nghiệp, tinh tế và phòng ốc sạch sẽ."
Hoa Lê,5 sao,một năm trước trên,"Khách sạn thật sự xứng đáng 5 sao – từ không gian sang trọng, tiện nghi hiện đại đến đội ngũ nhân viên vô cùng chuyên nghiệp và nhiệt tình. Mọi chi tiết đều được chăm chút kỹ lưỡng, mang đến cảm giác thoải mái và đẳng cấp. Rất xịn xò và đáng để quay lại!",Positive,False,Boutique_Experience,"Không gian sang trọng, tiện nghi hiện đại và nhân viên chuyên nghiệp."
Su Van,5 sao,3 tháng trước trên,"Phòng đẹp, vị trí đẹp, nhân viên dễ thương, dịch vụ ok",Positive,False,Others,"Phòng đẹp, vị trí tốt và nhân viên dễ thương."
Roving11888099447,5 sao,6 tháng trước trên,"Tôi đã ở đây và cực kỳ thích cách họ phục vụ, mọi thứ đều rất chỉn chu và tận tâm. Sẽ quay lại vào lần tới 🤩 …",Positive,False,Staff_Service,Dịch vụ chỉn chu và tận tâm.
Kim Le,5 sao,một năm trước trên,"Mình và bạn chọn ở Oakwood vì gần landmark 81, gần train station (Tân Cảng) để ra Quận 1, tiện ăn uống vui chơi mua sắm với bạn bè. Phòng ốc rộng rãi, sạch sẽ, đầy đủ tiện nghi, dạng service apartment có phòng khách tách biệt với phòng ngủ, …",Positive,False,Location_and_Access,"Vị trí thuận tiện gần Landmark 81 và ga tàu, phòng ốc rộng rãi."
Vũ Nguyên,5 sao,10 tháng trước trên,"Nhân viên khách sạn thân thiện, hỗ trợ nhiệt tình
Phòng rộng thoải mái,sạch sẽ, cảm giác như ở nhà hơn là khách sạn
Gần landmark 81,thuận tiện đi lại …",Positive,False,Staff_Service,"Nhân viên thân thiện, phòng sạch sẽ và vị trí thuận tiện."
Ai Le,5 sao,một năm trước trên,"Lần đầu mình trải nghiệm dịch vụ ở khách sạn và rất hài lòng. Phòng ở sạch sẽ, nhân viên nhiệt tình hỗ trợ ngay lúc mình cần. Vị trí Khách sạn thì gần Metro và Landmark81, rất hợp lý với nhu cầu muốn đi tham quan của gia đình của mình.",Positive,False,Location_and_Access,"Phòng sạch, nhân viên nhiệt tình và vị trí gần Metro, Landmark 81."
Doan Duc Nguyen,5 sao,7 tháng trước trên,"Nhân viên thân thiện, dịch vụ tốt, phòng hiện đại, view đẹp, sẽ quay lại dịp sau",Positive,False,Room_Amenities,"Nhân viên thân thiện, phòng hiện đại và view đẹp."
Nguyễn Hoàng Khang,5 sao,9 tháng trước trên,"Khách sạn rất là tốt từ dịch vụ , phòng cho đến các bạn nhân viên, mình rất thích cách phục vụ và tôn trọng khách hàng của khách sạn. Chắc chắn sẽ quay lại vào lần tiếp theo 🥰 …",Positive,False,Staff_Service,"Dịch vụ tốt, nhân viên tôn trọng khách hàng."
09 - Nguyễn Thị Trà My,5 sao,10 tháng trước trên,"Tôi đã có những trải nghiệm thật sự tuyệt vời tại nơi đây khi đi cùng bạn. Ngay từ lúc nhận phòng, chúng tôi đã cảm nhận được sự thân thiện và hiếu khách từ đội ngũ nhân viên – luôn niềm nở, tận tình hỗ trợ. Không gian phòng sạch sẽ, gọn …",Positive,False,Staff_Service,"Nhân viên thân thiện, hiếu khách và phòng sạch sẽ."
Nguyen Thi Cam Tien,5 sao,một năm trước trên,"Mùnh muốn hỏi ad về giá giữ xe ở bãi xe tầng hầm, bảng giá xe niêm yết có mấy ngàn thôi, vậy tại sao mình đi lúc 5h30 sáng thì bảo vệ thu tiền xe tận 40.000, họ noi lý do là trước 6h thu 40.000, trong khi đó bảng giá mình đọc mà khoonh thấy ghi, giải thích giúp mình",Negative,True,Pricing_and_Fees,Customer was overcharged for parking compared to the listed price without clear explanation.
Trung Tran,5 sao,một năm trước trên,"Là một khách sạn căn hộ ngay trung tâm thành phố, gần với các địa điểm hot Thành phố. Phòng ốc hiện đại, sang trọng, lối kiến trúc trẻ trung. Có các hạng phòng và view để lựa chọn ( tầng cao đối diện Landmark 81 là một lựa chọn hoàn hảo). …",Positive,False,Location_and_Access,"Great central location with modern, stylish rooms and excellent views."
Đỗ Tâm,5 sao,một năm trước trên,"Không gian thoáng mát, phòng ốc thì siêu hợp gu với mình hiii. Mấy anh chị nhân viên thì nhiệt tình nữa. Nói chung nếu có quay lại sẽ tiếp tục ưu tiên đầu tiên",Positive,False,Staff_Service,"Comfortable space, stylish rooms, and enthusiastic staff."
Lan Anh Nguyễn,5 sao,8 tháng trước trên,"Mình đến đây tuy chỉ ở ít ngày nhưng thật sự rất bất ngờ và ấn tượng với cách phục vụ ở nơi đây, cám ơn các bạn lễ tân, buồng phòng, các bạn bảo vệ và những bạn nhân viên khác đã luôn hết mình vì công việc để đảm bảo dịch vụ khách sạn luôn ở mức tốt nhất 😊😊 …",Positive,False,Staff_Service,Impressed by the dedicated and professional service from all hotel staff.
Lân World Breaker,5 sao,một năm trước trên,"Đây đúng là lựa chọn đúng đắn cho kỳ nghỉ của mình tại TP.HCM. Vị trí thuận tiện, cơ sở vật chất hiện đại và dịch vụ chuyên nghiệp và rất ân cần với khách hàng, khách sạn này đã để lại cho mình một kỳ nghỉ đáng nhớ. …",Positive,False,Others,"Convenient location, modern facilities, and professional service made for a memorable stay."
LuuHuynh瀏,5 sao,một năm trước trên,"Đồ ăn thì làm khẩu vị vừa ăn ngon, phục vụ nhiệt tình dễ thương, vị trí quán cũng dễ tìm quán decore cũng ổn, website làm bắt mắt dễ thương, nhưng có điểm trừ là khẩu phần quá ít so với giá, ốc len xào dừa ko đắt nhưng 1 phần có xíu à. Mong quán điều chỉnh lại phù hợp hơn.",Neutral,True,F_and_B,"Good taste and service, but the portion sizes are too small for the price."
đức duy Võ,5 sao,2 năm trước trên,"Khách sạn ở vị trí thuận tiện, có dịch vụ xe shuttle bus miễn phí đi trung tâm thành phố. View sông Sài Gòn và Landmark rất đẹp, phòng rộng rãi và đầy đủ tiện nghi. Đội ngũ nhân viên và dịch vụ tại đây rất tốt. Sẽ ghé lại nếu có dịp đến Sài Gòn.",Positive,False,Location_and_Access,"Convenient location with shuttle service, beautiful views, and excellent staff."
Phúc Hậu Dễ Thương,5 sao,11 tháng trước trên,"Mọi thứ ở đây thật tuyệt vời.  Hài lòng 500%. Hãy gìn giữ và phát huy những điều tốt đẹp đang có. Chúc thành công!
❤️❤️❤️❤️❤️❤️",Positive,False,Others,Extremely satisfied with the overall experience.
3620_Nguyễn Thị Thanh Thùy,5 sao,một năm trước trên,"Không gian thoải mái, sang trọng, nhân viên phục vụ tận tâm. Cảm ơn khách sạn đã mang đến trải nghiệm tốt khi tôi công tác ở đây",Positive,False,Staff_Service,"Comfortable, luxurious space with dedicated staff."
Hồng Nhung,5 sao,một năm trước trên,"rất thích không khí tại khách sạn
Phòng rất sạch sẽ, thoải mái, giường và gối rất mềm mại, êm ái
Các bạn nhân viên cực kì thân thiện và niềm nở …",Positive,False,Cleanliness,"Clean, comfortable rooms with soft bedding and friendly staff."
Trung Nguyen,5 sao,một năm trước trên,"Khách sạn có không gian rộng rãi. Phòng rộng và đẹp, đầy đủ tiện nghi. Phòng có view nhìn ra bờ sông. Nhân viên dễ thương, thân thiện. Bãi giữ xe rộng rãi. Xứng đáng với giá tiền. Gần công ty nên tiện đi lại.",Positive,False,Room_Amenities,"Spacious room with river view, friendly staff, and convenient parking."
Ngọc Ánh,5 sao,một năm trước trên,"tôi đã có trải nghiệm tuyệt vời tại đây vào cuối tuần , khách sạn có view đẹp , nhân viên thân thiện dễ thương , chắc chắn tôi sẽ quay lại nếu có dịp",Positive,False,Boutique_Experience,Great weekend experience with beautiful views and friendly staff.
TRƯƠNG THANH PHƯƠNG,5 sao,Thời gian chỉnh sửa: một năm trước trên,"Sau nhiều lần công tác tại Tp. Hồ Chí Minh đây là nơi đầu tiên tôi lựa chọn để nghỉ ngơi trong những chuyến công tác. Nhân viên ở đây cực kì thân thiện và nhiệt tình. Phòng ốc rộng rãi đầy đủ tiện nghi, phòng luôn trong trạng thái sạch sẽ sau khi tôi tan làm về. Một trải nghiệm tuyệt vời !",Positive,False,Staff_Service,"Excellent service, clean and spacious rooms, ideal for business trips."
Châu,5 sao,một năm trước trên,"Phòng ở đây rộng và sạch sẽ, tuy nhiên phải đi taxi khoảng 5 phút vào trung tâm. Giá phòng rất rẻ, buổi tối view sông rất đẹp.",Positive,True,Location_and_Access,"Clean and spacious rooms with good views, but slightly far from the city center."
Toan Trinh Xuan,5 sao,2 năm trước trên,"Phòng rất rộng và đẹp (1,4tr) có bồn tắm.
Có buffet sáng tầng 12, quầy bar dưới sảnh.
Chỗ đậu xe hơi trước cửa. …",Positive,False,Room_Amenities,"Spacious room with bathtub, breakfast buffet, and convenient parking."
Han Dinh,5 sao,4 tháng trước trên,"Không gian đẹp, nhân viên dễ thương ✨",Positive,False,Boutique_Experience,Beautiful space and friendly staff.
tt_ hoa,5 sao,một năm trước trên,"Phòng rộng và nội thất ổn, thiết kế hiện đại.  So giá phòng trung bình thì được coi là một deal tốt. Chỉ vị trí thì ko được trung tâm lắm.",Positive,True,Location_and_Access,"Good value for money and modern design, but location is not central."
Ngọc Dung Dương,5 sao,2 năm trước trên,"Phòng rộng, đầy đủ tiện nghi, mới, sạch sẽ, yên tĩnh, view sông Sài Gòn. Điểm trừ phòng duy nhất là tv không phải smart tv, không xem được youtube hay netflix. Nhân viên chu đáo, dịch vụ tốt.",Positive,True,Room_Amenities,"Great room and service, but the TV lacks smart features like YouTube or Netflix."
Linh,5 sao,Thời gian chỉnh sửa: một năm trước trên,"Trải nghiệm tuyệt vời khi lưu trú tại Oakwood, lễ tân thân thiện, nhân viên làm phòng rất nhiệt tình, phòng rộng rãi thoáng mát, đồ ăn sáng buffet khá hợp khẩu vị, sẽ quay lại trong nhiều lần tiếp theo.",Positive,False,Staff_Service,Excellent stay with friendly staff and good breakfast buffet.
MrKendat0108,5 sao,2 năm trước trên,"Dịch vụ tốt, phòng view nhìn ra sông Sài Gòn rất đẹp. Khu vực lobby lounge rộng rãi, trang trí màu sắc sinh động. Sẽ quay lại lưu trú ở đây trong tương lai.",Positive,False,Boutique_Experience,"Good service, beautiful river view, and vibrant lobby area."
Vân Nguyễn,5 sao,một năm trước trên,"Khách sạn có view bờ sông rất đẹp, nhân viên rất thân thiện luôn hỗ trợ tôi lúc cần , phòng sạch sẽ , giường rất thoải mái , tôi đã ngủ rất ngon , tôi sẽ quay lại khi vào sài gòn lần tiếp theo",Positive,False,Boutique_Experience,"Excellent river view, friendly staff, clean room, and comfortable bed."
Mỹ Hoàng,1 sao,3 năm trước trên,"Ngoài chi phí phòng ra thì khách bắt buộc phải cọc 1,000,000 VND cho chi phí phát sinh trước khi nhận phòng. Khách nào cũng phải cọc theo quy định của khách sạn nhưng không hề có thông báo nào về việc này một cách công khai. Thậm chí khi …",Negative,True,Pricing_and_Fees,Lack of transparency regarding mandatory security deposit fees.
Mỹ Nhung Trần,5 sao,một năm trước trên,"Phòng view đẹp; dịch vụ tốt; nhân viên thân thiện, nhiệt tình. Sẽ quay lại vào lần đến Saigon tiếp theo",Positive,False,Boutique_Experience,"Good room view and friendly, helpful staff."
Nguyen Thi Mai Chi,4 sao,2 năm trước trên,"Mình có 2 đêm ở đây, đều đến muộn (11pm) và đi sớm (6am), với 2 trải nghiệm hoàn toàn khác biệt. Đêm đầu (10/7) mọi thứ hoàn hảo, bạn lễ tân cực kỳ support, dù đã muộn. Buổi thứ 2 (12/7), trải nghiệm hpanf toàn khác, bạn lễ tân đã làm mất …",Negative,True,Staff_Service,Inconsistent service quality; staff lost items during the second stay.
Lan anh Phạm,5 sao,3 năm trước trên,"Căn Studio Loft rất rộng rãi thoait mái cho gia đình, có khu vực bếp nhỏ nên mình có thể hâm đồ ăn cho e bé nhà mình thường xuyên. Buffet sáng trên tầng thượng có nhiều món và cảnh đẹp! nói chung mình rất hài lòng!",Positive,False,Room_Amenities,Spacious studio loft with kitchen facilities and a great rooftop breakfast.
Lê Quế Anh,5 sao,một năm trước trên,"Nhân viên chu đáo nhiệt tình dễ thương, phòng đẹp sạch sẽ. Không gian yên tĩnh, lần sau sẽ quay lại.",Positive,False,Cleanliness,"Attentive staff, clean rooms, and a quiet atmosphere."
Quỳnh Như Lưu,5 sao,3 năm trước trên,"Mình ở đúng ngày 20/10 nên được tặng bánh cupcake rất dễ thương hehe. Nhân viên thân thiện, check-in khá nhanh. Phòng rộng, đầy đủ tiện nghi và có view đẹp.",Positive,False,Boutique_Experience,"Thoughtful gesture with cupcake gift, fast check-in, and well-equipped room."
Boom Hùng,5 sao,một năm trước trên,"Oakwood Hotel & Apartments Saigion, Ung Văn Khiêm, Bình Thạnh,tphcm.

Tọa lạc tại vị trí nổi bật tại Quận Bình Thạnh, bên cạnh dòng sông Sài Gòn lịch …",Neutral,False,Location_and_Access,General description of the hotel's location by the Saigon River.
thao nguyen,5 sao,Thời gian chỉnh sửa: một năm trước trên,"Oakwood Hotel & Apartments Saigon là lựa chọn phù hợp cho những ai tìm kiếm không gian rộng rãi, tiện nghi hiện đại và dịch vụ chuyên nghiệp.",Positive,False,Others,"General recommendation for spacious, modern, and professional accommodation."
Duy Võ Đức,5 sao,2 năm trước trên,Các bạn lễ tân rất nhiệt tình và hiếu khách. Khách sạn ở vị trí thuận tiện gần trung tâm. Rất phù hợp để chọn làm nơi nghỉ ngơi khi công tác ở Sài Gòn. Sẽ quay lại vào các dịp tiếp theo,Positive,False,Location_and_Access,Helpful staff and convenient location suitable for business trips.
tuan Phan,5 sao,3 năm trước trên,"Mình đã có một trải nghiệm tuyệt vời tại đây, nhân viên thân thiện và luôn hỗ trợ mình xách hành lý. Phòng rất rộng rãi, mình chưa ở khách sạn nào mà phòng rộng vậy luôn! Ks cũng có dvu xe bus miễn phí tới quận 1 nữa. Nói chung là với giá phòng và dịch vụ như vậy thì hơn cả mong đợi của mình! Sẽ quay lại trong dịp tới!!",Positive,False,Boutique_Experience,"Excellent experience with spacious rooms, friendly staff, and convenient free shuttle service."
Thanh Nhàn,5 sao,một năm trước trên,"Thuận tiện đi lại, không gian ấm cúng, view đẹp, nhân viên thân thiện,  phòng sạch sẽ",Positive,False,Location_and_Access,"Convenient location, cozy atmosphere, nice view, and clean rooms."
Nguyễn Hiếu Nhi,5 sao,một năm trước trên,"tôi đã có trải nghiệm tuyệt vời tại đây vào cuối tuần , khách sạn có view đẹp , nhân viên thân thiện dễ thương , tôi sẽ quay lại đây cho lần kỳ nghỉ tiếp theo",Positive,False,Boutique_Experience,Great weekend stay with beautiful views and friendly staff.
Nguyễn Xuân Hậu,4 sao,2 năm trước trên,"Mỗi tháng tôi đều đi công tác tại Sài Gòn, và thường ở lại 3-7 ngày cho mỗi chuyến đi. Đây là lần đầu tôi viết đánh giá về 1 khách sạn, bởi vì đây là khách sạn đầu tiên mà tôi thực sự muốn review. …",Positive,False,Boutique_Experience,First time writing a review for a hotel because it was such a standout experience.
khanhlinh02 nguyen,5 sao,một năm trước trên,"Trải nghiệm tuyệt vời khi đến đây, phòng rộng rãi thoải mái, nhân viên khách sạn nhiệt tình thân thiện, sẽ quay lại trong thời gian tới",Positive,False,Room_Amenities,"Great experience with spacious, comfortable rooms and enthusiastic staff."
Lan Hương Nguyễn,5 sao,2 năm trước trên,"Mình đã có trải nghiệm rất tốt và thoải mái tại Oakwood. Phòng rộng, ks thiết kế đẹp so với giá tiền quá hợp lý. Vị trí hơi xa trung tâm nh bắt xe khá nhanh, ko bất tiện gì. Ấn tượng nhất anh nhân viên tiền sảnh tên Nguyên rất nhiệt tình, vui vẻ, dễ thương. Vote 5*",Positive,False,Location_and_Access,"Very good experience, spacious room, and great value, despite being slightly far from the center."
Hung Nguyen,5 sao,3 năm trước trên,"Phòng rộng, sạch, nhân viên thân thiện & nhiệt tình. Ks có tv lớn xem world cup ở sảnh và có snack nhẹ luôn, nói chung mình rất hài lòng.",Positive,False,Room_Amenities,"Spacious, clean rooms with friendly staff and thoughtful lobby amenities."
Nguyễn Thị Thùy Diễm,5 sao,một năm trước trên,"Khách sạn tuyệt vời, phòng đẹp view đẹp phòng rộng rãi, giường và gối rộng rãi thơm mềm, nhân dễ thương",Positive,False,Room_Amenities,"Excellent hotel with beautiful views, spacious rooms, and comfortable bedding."
Huỳnh Cát Tường,5 sao,một năm trước trên,"Phòng sạch sẽ, lễ tân lễ phép vui vẻ tuy nhiều lúc mình hỏi 1 số thứ lúc hơi khuya. Nói chung mọi người yên tâm sử dụng dịch vụ ở đây",Positive,False,Cleanliness,"Clean rooms and polite, helpful reception staff even late at night."
Nhi Le,5 sao,một năm trước trên,"Một trải nghiệm tuyệt vời, nhân viên thân thiện.
Khách sạn đẹp vị trí thuận tiện.
Chắc chắn sẽ quay lại.",Positive,False,Boutique_Experience,"Great experience, beautiful hotel, and convenient location."
Le Giang Nguyen,5 sao,2 năm trước trên,"Phòng rộng rãi, thoáng mát sạch sẽ, đầy đủ tiện nghi cần thiết như bếp, tivi, bồn tắm, quầy bar.... Rất phù hợp cho cả đi công tác và du lịch với con nhỏ. …",Positive,False,Room_Amenities,"Phòng rộng rãi, sạch sẽ và đầy đủ tiện nghi."
Thiên Kim Nguyễn,5 sao,3 năm trước trên,Mọi điểm mình đều thấy rất tốt. Từ nhân viên dưới sảnh rất chuyên nghiệp hỗ trợ vali mang lên phòng. Khi tới cọc 1triệu mình thấy ok. Mình đi intercon toàn cọc 5tr. Phòng ốc sạch và thơm. Đồ supplies của hãng La Bottega 5* rất tốt. Ăn sáng view đẹp. Đồ ăn đơn giản nhưng rất okila. Mình sẽ quay lại lần tới,Positive,False,Staff_Service,"Dịch vụ chuyên nghiệp, phòng sạch thơm và đồ dùng chất lượng."
Tín Quang,4 sao,3 năm trước trên,"Căn hộ studio rộng rãi và tiện nghi.
Giá cả tốt so với cơ sở vật chất.
Sảnh có quầy cà phê đẹp. …",Positive,False,Pricing_and_Fees,Căn hộ tiện nghi với giá cả hợp lý.
Hang Truong,5 sao,một năm trước trên,"Lần đầu mình trải nghiệm ở đây, không gian phòng rộng rãi, đầy đủ tiện nghi. Các bạn nhân viên rất dễ thương và nhiệt tìnhhh",Positive,False,Staff_Service,Không gian phòng tốt và nhân viên nhiệt tình.
Tường Bùi Ngọc Cát,5 sao,một năm trước trên,"Phòng ốc rộng rãi, yên tĩnh. Có nhà hàng ăn sáng ok. Trải nghiệm tuyệt vời cho 02 người",Positive,False,Noise_and_Quietness,"Phòng rộng rãi, yên tĩnh và có nhà hàng tốt."
do khac thanh,4 sao,2 năm trước trên,"Nhân viên nhiệt tình đặc biệt có bạn nguyên nv sảnh bê hành lý rất nhiệt tình
Khách sạn sạch sẽ sảnh đẹp
Nhược điểm tivi đời cũ không phải smart tivi
Wifi kém",Negative,True,Room_Amenities,Nhân viên nhiệt tình nhưng tivi đời cũ và wifi kém.
Hoa Nguyễn,5 sao,Thời gian chỉnh sửa: một năm trước trên,"Khách sạn quá tuyêt vời . Nhăn vien thân thien dễ thuong, nhiêt tình, phòng sach  thơm. View đẹp",Positive,False,Staff_Service,"Khách sạn tuyệt vời, nhân viên thân thiện và phòng sạch đẹp."
Hân Nguyễn,5 sao,10 tháng trước trên,"Một trải nghiệm tuyệt vời tại khách sạn, nhân viên rất tốt, chuyên nghiệp",Positive,False,Staff_Service,Trải nghiệm tuyệt vời với đội ngũ nhân viên chuyên nghiệp.
Hang Bui,4 sao,3 năm trước trên,"Phòng được dọn dẹp gọn gàng, sạch sẽ. Các phòng sẽ được dọn dẹp hàng ngày.
Nhân viên làm thủ tục check in check out nhanh chóng.",Positive,False,Cleanliness,Phòng sạch sẽ và thủ tục check-in/out nhanh chóng.
Hạnh Đinh,5 sao,3 năm trước trên,"Vô tình thấy ks trên maps, đọc bình luận thấy mn rì viu tốt, lại gần landmark nên book thử
Phòng căn hộ đầy đủ bếp núc, tiện nghi , bồn tắm, view đẹp, giường nằm rất thích …",Positive,False,Room_Amenities,Phòng căn hộ đầy đủ tiện nghi và view đẹp.
Quyen Nguyen,5 sao,Thời gian chỉnh sửa: một năm trước trên,"Nhân viên thân thiện 💕. Phòng sạch sẽ, thoáng đãng. View có thể ngắm pháo hoa …",Positive,False,Staff_Service,"Friendly staff, clean room, and great view."
MÁY THÊU VI TÍNH SWF SUNSTAR,5 sao,3 năm trước trên,"bên ngoài ko đẹp mắt nhưng bên trong sạch sẽ và thơm tho, thiết kế phòng cũng rất khoa học, giường thỏa mái êm ái",Positive,False,Room_Amenities,"Clean, fragrant, well-designed room with a comfortable bed."
thuận nguyễn,5 sao,3 năm trước trên,"Hài lòng. Phòng rộng, sạch sẽ và đẹp, đặc biệt là khu vực sảnh. Nhân viên thân thiện và hỗ trợ khách mang hành lí lên phòng. Ks gần khu vực Thảo Điền và Quận 1 nên tiện di chuyển.",Positive,False,Staff_Service,"Spacious, clean, and beautiful room with helpful staff and convenient location."
Phuong Nguyen,5 sao,Thời gian chỉnh sửa: 9 tháng trước trên,"Phòng ốc sạch sẽ, vị trí thuận lợi, nhân viên nhiệt tình vui vẻ mình sẽ quay lại",Positive,False,Cleanliness,"Clean room, convenient location, and enthusiastic staff."
Hanh Thuc,5 sao,một năm trước trên,"Lễ tân thân thiện, phục vụ tốt
Phòng sạch sẽ, thoáng mát
Lần sau mình sẽ tiếp tục sử dụng dịch vụ của Oakwood",Positive,False,Staff_Service,"Friendly reception, clean room, and good service."
Thuận Đoàn,5 sao,6 tháng trước trên,"Rất tuyệtt , một nơi lý tưởng",Positive,False,Boutique_Experience,An ideal and excellent place.
Kỳ Trân Trần,5 sao,2 năm trước trên,"Phòng quá đẹp, cực kỳ sạch sẽ.
Các bạn nhân viên quá nhiệt tình luôn. Cảm ơn bạn Nguyên và các bạn lễ tân. Rất ok luôn.",Positive,False,Staff_Service,"Beautiful, clean room with very enthusiastic staff."
Pham Linh,5 sao,3 năm trước trên,"Phòng rộng rãi, view sông khá đẹp
Nhân viên thân thiện nhiệt tình
Anh nhân viên hành lý tên Nguyên rất nhiệt tình hỗ trợ",Positive,False,Room_Amenities,Spacious room with a nice river view and helpful staff.
Hương Nguyễn,5 sao,một năm trước trên,"Nhân viên thân thiện, dễ thương. Ở sảnh và phòng mùi rất thơm dễ chịu.",Positive,False,Staff_Service,Friendly staff and pleasant scent in the lobby and room.
Nhàn Nguyễn,5 sao,một tháng trước trên,5 sao,Positive,False,Others,Five-star experience.
Trần Kiệt,5 sao,một năm trước trên,"Một nơi quá tuyệt vời để nghỉ dưỡng, rất đáng để mọi người lưu trú khi đến TP.HCM",Positive,False,Boutique_Experience,A wonderful place to stay in Ho Chi Minh City.
2838_Nguyễn Đình Trương,5 sao,một năm trước trên,"Nhân viên dễ thương và thân thiện, phòng ốc sạch sẽ và rộng rãi.",Positive,False,Staff_Service,"Friendly staff and clean, spacious rooms."
Khang Nguyen,5 sao,một năm trước trên,"Phòng đẹp, thoải mái, nhân viên cũng nhiệt tình nửa.",Positive,False,Room_Amenities,"Beautiful, comfortable rooms with enthusiastic staff."
Hảo Bùi,5 sao,6 tháng trước trên,Phòng rất thoải mái.,Positive,False,Room_Amenities,The room is very comfortable.
Thanh Mai,5 sao,3 năm trước trên,"Một trải nghiệm tuyệt vời. Nhân viên phục vụ rất tốt, luôn để ý từng yêu cầu của khách hàng.",Positive,False,Staff_Service,Excellent service and attentive staff.
NGUYEN THI NGOC LINH,5 sao,một năm trước trên,"Khách sạn đẹp, dịch vụ tốt, nhân viên thân thiện với khách hàng",Positive,False,Boutique_Experience,Beautiful hotel with good service and friendly staff.
Ha Nguyen,3 sao,5 tháng trước trên,Dọn phòng ko kỹ.,Negative,True,Cleanliness,The room cleaning was not thorough.
Hoàng Thị Hà 0041,5 sao,một năm trước trên,"ổn áp, phòng có view đẹp, có nhiều dịch vụ cần",Positive,False,Room_Amenities,Good experience with a nice view and necessary services.
Ntb Nguyen,5 sao,một năm trước trên,"khách sạn ok quá chừng, nv nhiệt tình, có cơ hội mình sẽ ghé tiếp",Positive,False,Boutique_Experience,"Great hotel with enthusiastic staff, would return."
Dự nguyễn,5 sao,một năm trước trên,"nhân viên thân thiện, View Lanmark xịn, Người yêu mình thích ở đây,....",Positive,False,Room_Amenities,Friendly staff and a great view of Landmark.
Hien Huynh,5 sao,một năm trước trên,"Phòng sạch sẽ, nhân viên thân thiện và nhiệt tình.",Positive,False,Cleanliness,"Phòng sạch sẽ, nhân viên thân thiện."
Vinh Bùi quốc,5 sao,2 năm trước trên,Dịch vụ rất tốt. Các bạn nhân viên rất lễ phép và nhiệt tình,Positive,False,Staff_Service,"Dịch vụ tốt, nhân viên lễ phép."
Phúc Huỳnh,5 sao,một năm trước trên,"Nhiệt tình hỗ trợ, phòng sạch, thoáng mát, quản lí đẹp trai",Positive,False,Staff_Service,"Nhân viên nhiệt tình, phòng sạch."
Hai Hoang,5 sao,một năm trước trên,"Phòng rộng rãi đa dạng, dịch vụ nhanh và thân thiện",Positive,False,Room_Amenities,"Phòng rộng, dịch vụ nhanh."
Hiền Nguyễn,1 sao,một tháng trước trên,Rất tệ. Lừa đảo. Đặt phòng trên áp thì đưa hình phòng sạch sẽ điều hoà. Nhưng khi đến nhận thì kh phải là phòng mà chỉ quây 1 tấm rèm vải cho 1 quạt con.,Negative,True,Others,"Phòng thực tế không giống quảng cáo, điều kiện tồi tệ."
Hanh Le,1 sao,một năm trước trên,thuê phòng thanh toán lúc 14h tới nhận phòng thì khoá cửa số điện thoại gọi không được.giờ ngồi ở ngoài đường,Negative,True,Staff_Service,Không thể liên lạc với khách sạn khi đến nhận phòng.
Vinh Tran,1 sao,7 năm trước trên,Chỉ 1 sao,Negative,True,Others,Đánh giá thấp.
tung thanh,3 sao,2 năm trước trên,Phòng cũng tạm ổn. Phù hợp cho 2 người thôi. Gia đình 4 người hơi chật. Chất lượng cho 3/5 sao.,Neutral,False,Room_Amenities,"Phòng hơi chật cho gia đình, chất lượng trung bình."
Dòng Nhạc Vàng,3 sao,2 năm trước trên,Không xứng với giá 500k ngày. Phòng dây điện máy nóng lạnh hở. Nhìn nguy hiểm.,Negative,True,Pricing_and_Fees,"Giá cao so với chất lượng, cơ sở vật chất nguy hiểm."
Shop Ti&Ti,3 sao,Thời gian chỉnh sửa: 7 năm trước trên,Tạm được.,Neutral,False,Others,Trải nghiệm tạm được.
Aleksandr Volkov,3 sao,8 năm trước trên,"Khách sạn tốt và phục vụ thân thiện, nhưng vị trí không thuận lợi. Khu vực này khá nghèo và bạn có nguy cơ bị cướp. Tốt nhất nên đi taxi để di chuyển.",Negative,True,Location_and_Access,Good service but poor location with safety concerns.
Hoang Vu,3 sao,Thời gian chỉnh sửa: 7 năm trước trên,Được rồi,Neutral,False,,Average experience.
Khiêm,4 sao,5 năm trước trên,Phòng tương đối sạch - giá cả bình dân với khu vực,Positive,False,Cleanliness,Clean room and affordable price.
Tùng Huỳnh Thanh,4 sao,7 năm trước trên,"Nha nghi thoai mai, co chu than thien",Positive,False,Boutique_Experience,Comfortable stay with friendly owner.
viên tôn,4 sao,2 tháng trước trên,Ks 0 có nơi đổ xe ôtô đường nhỏ,Negative,True,Location_and_Access,Lack of parking space and narrow street access.
遥彼方,4 sao,Thời gian chỉnh sửa: 7 năm trước trên,"Khách sạn nằm ở quận Bình Thạnh, giáp quận 1. Khách sạn mới và nội thất sạch sẽ. Nhân viên rất thân thiện. Có chợ gần đó nên bạn sẽ không gặp khó khăn gì trong việc tìm đồ ăn. Cấm hút thuốc trong khách sạn, nhưng bạn có thể hút thuốc trên …",Positive,False,Cleanliness,"New, clean hotel with friendly staff and convenient location."
Hung Phan,4 sao,9 năm trước trên,Tốt :),Positive,False,,Good experience.
Jamie Xen,4 sao,8 năm trước trên,phòng sạch sẽ,Positive,False,Cleanliness,The room is clean.
Huong Nguyen,5 sao,11 tháng trước trên,"Phòng ngủ đầy đủ tiện nghi, sạch sẽ, yên tĩnh.
Chủ nhà rất thân thiện và nhiệt tình. Hơn 3 tuần ở đây tôi có cảm giác như được ở trong chính ngôi nhà của mình. …",Positive,False,Room_Amenities,"Well-equipped, clean, quiet room with a very friendly host."
Kỷ Hoàng,5 sao,2 năm trước trên,"Phòng ổn,giá chấp nhận được, chị chủ nhẹ nhàng thoải mái. ở vị trí khá trung tâm dễ dàng di chuyển. Đi bộ 50m là có siêu thị, hiệu thuốc, ăn uống. Các tiệm thuê xe máy cũng ở loanh quanh và giao xe tận nơi. …",Positive,False,Location_and_Access,"Good room, reasonable price, and convenient central location."
Ken Mr,5 sao,9 tháng trước trên,"Hotel có vị trí đúng chỗ mình cần nên ở, phòng khá bình thường nên ko có ý kiến gì",Neutral,False,Location_and_Access,"The location was convenient, but the room was average."
Phúc Hoàng,5 sao,3 năm trước trên,"Đã trải nghiệm , dịch vụ tốt!
Lần sau sẽ quay lại",Positive,False,Staff_Service,Good service and would return.
Đạt Mim Cutee,5 sao,2 năm trước trên,Phòng ok,Positive,False,Room_Amenities,The room was acceptable.
Simon Titsch,1 sao,10 tháng trước trên,"Tôi không hiểu sao lại được đánh giá trên 4 sao. Chúng tôi đã đặt phòng đôi. Phòng tắm đầy nấm mốc. Trần nhà, các góc xung quanh bồn rửa và vòi sen đều bị ảnh hưởng nặng. …",Negative,True,Cleanliness,Bathroom was full of mold on the ceiling and around the sink and shower.
F,1 sao,10 tháng trước trên,"Chúng tôi đặt phòng ở nhà nghỉ này vì họ hứa sẽ cho chúng tôi sử dụng phòng tắm sau khi trả phòng qua WhatsApp, vì chuyến bay của chúng tôi đến tận tối muộn. Khi chúng tôi hỏi vào ngày khởi hành, chúng tôi được thông báo là không thể tắm. Phòng không được sạch sẽ lắm. Có vẻ như họ chỉ thay ga trải giường. Phòng tắm thì bị mốc.",Negative,True,Staff_Service,"Staff failed to honor a promise regarding shower access, and the room was unclean with mold in the bathroom."
Alan Collins,1 sao,một năm trước trên,"Tôi nghĩ nơi này cuối cùng sẽ trở thành ký túc xá chỉ dành cho nữ, bởi vì nam giới không được chào đón ở các khu vực chung, không được cung cấp quạt, hoặc không được đối xử tôn trọng chút nào bởi các nữ sinh, những người đang dần chiếm lĩnh toàn bộ nơi này theo ý thích của họ.",Negative,True,Boutique_Experience,Complaints about discriminatory treatment and lack of respect towards male guests.
Trip.com Member,2 sao,2 tháng trước trên,"Trong phòng hỗn hợp, điều hòa không lạnh, phòng tắm bị ngập nước, và cả phòng rất ẩm thấp. Ngay cả sau khi báo cáo, vấn đề vẫn không được giải quyết. Tôi đã đặt hai đêm, nhưng tôi không thể chịu đựng được và đã rời đi ngay ngày đầu tiên! …",Negative,True,Room_Amenities,"Poor air conditioning, flooded bathroom, and high humidity; issues were not resolved by staff."
Trip.com Member,3 sao,2 tháng trước trên,"Tôi ở lại đây trong một chuyến đi ngắn cuối tuần, đến muộn (~8 giờ tối) vào thứ Sáu và rời đi sớm (~6/7 giờ sáng) vào thứ Hai. Vì đây là chuyến đi ngắn ngày do tôi đến xem chung kết VCT Thái Bình Dương tại TP.HCM, nên vị trí chỗ ở rất …",Neutral,False,Location_and_Access,The location was suitable for the guest's specific travel purpose.
Ling Lu,3 sao,3 tháng trước trên,"Vị trí khách sạn khá xa trung tâm thành phố.

Máy lạnh cực kỳ yếu; tôi vẫn đổ mồ hôi dù đã bật máy lạnh. …",Negative,True,Room_Amenities,The location is far from the city center and the air conditioning is extremely weak.
Trip.com Member,3 sao,một năm trước trên,"Nhà nghỉ này có vẻ hướng đến khách lưu trú dài hạn hơn, nên khách ngắn hạn có thể cảm thấy hơi lạc lõng. Phòng tắm thì có thể sạch sẽ hơn. Tuy nhiên, họ có những chú mèo và một chú chó dễ thương.",Neutral,True,Others,"The place feels geared towards long-term guests; cleanliness could be improved, but the pets are a highlight."
Trip.com Member,3 sao,2 năm trước trên,Ký túc xá giá rẻ ở trung tâm thành phố. Chúng ta có thể ở với giá thấp bao gồm bữa sáng.,Positive,False,Pricing_and_Fees,Affordable hostel in the city center with breakfast included.
Alan Watts,3 sao,4 tháng trước trên,Hơi lộn xộn và bừa bộn. Phòng tắm trong phòng hơi bẩn. Dịch vụ không được thân thiện lắm. Không có chỗ đậu xe máy. Mèo thì thân thiện và mềm mại.,Negative,True,Cleanliness,"Messy room, dirty bathroom, unfriendly service, and lack of parking."
Trip.com Member,4 sao,một năm trước trên,"Nhà nghỉ tốt, nhân viên thân thiện. Phải đi bộ một đoạn ngắn đến trung tâm thành phố nhưng như vậy sẽ thoải mái hơn.",Positive,False,Staff_Service,Good hostel with friendly staff and a comfortable location.
Trip.com Member,4 sao,một năm trước trên,"Nếu bạn là người thích sự yên tĩnh, thì nhà nghỉ này là dành cho bạn. Nó chỉ cách quận 1 khoảng 10-15 phút nhưng rất đáng giá. Từ nhân viên đến bà chủ, tất cả đều vô cùng nhiệt tình và thân thiện.",Positive,False,Noise_and_Quietness,Quiet location with very enthusiastic and friendly staff.
yorle carvajal,4 sao,10 tháng trước trên,"Sự đón tiếp từ chủ nhà rất nồng ấm và thân thiện. Nhà nghỉ có bầu không khí yên tĩnh và thoải mái, và những con vật nuôi của họ càng làm cho kỳ nghỉ thêm tuyệt vời — được nhìn thấy chúng khi đến nơi là sự chào đón tốt nhất mà một nhà nghỉ …",Positive,False,Boutique_Experience,"Warm welcome, quiet atmosphere, and lovely pets."
gontakhy h,4 sao,2 năm trước trên,"Cơ sở vật chất mới và giá cả rất hợp lý. Nhân viên nhiệt tình và hỗ trợ. Chú chó Shiba Inu cưng của họ, ""Omochi,"" rất đáng yêu và dễ thương. …",Positive,False,Room_Amenities,"New facilities, reasonable prices, and helpful staff."
Rincevent,4 sao,một năm trước trên,"Giá cả cực kỳ hợp lý cho một phòng nghỉ ở thành phố lớn; phòng nhỏ nhưng đầy đủ tiện nghi. Nhân viên rất dễ thương và nhiệt tình giúp đỡ. Lưu ý rằng bữa sáng không bao gồm cà phê, nhưng điều đó sẽ không làm hỏng kỳ nghỉ của bạn 😉. …",Positive,False,Pricing_and_Fees,"Great value for money, small but well-equipped rooms with friendly staff."
Banioushka,4 sao,2 năm trước trên,"Nhân viên thân thiện, nhiệt tình, chú chó vui tính, phòng riêng nhỏ nhưng sạch sẽ và thoải mái.",Positive,False,Cleanliness,"Friendly staff and clean, comfortable private rooms."
Trip.com Member,4 sao,2 tháng trước trên,"Tôi yêu bạn, Mochi. Bạn thật sự đáng yêu. Đúng vậy, tôi đặt vé đến nơi này chỉ để gặp hai người dễ thương này; Mochi & Gatsby. Nơi này cũng nằm ở một khu phố quyến rũ - nếu bạn thích người dân địa phương. Hãy sử dụng Google Maps và bạn có thể di chuyển nhanh chóng như người bản địa. Có trạm xe buýt công cộng gần đó.",Positive,False,Location_and_Access,Charming neighborhood with easy access to public transport.
Trip.com Member,4 sao,10 tháng trước trên,Tôi yêu thú cưng. Vị trí tốt và dễ dàng di chuyển. Nhân viên thân thiện. Cơ sở vật chất tốt.,Positive,False,Others,"Good location, friendly staff, and nice facilities."
Trip.com Member,4 sao,một năm trước trên,"Khách sạn nằm ở ngoại ô, nhưng có rất nhiều quán ăn gần đó! Có một khu chợ đêm nhỏ bán bánh tráng rất rẻ! Ngoài ra còn có một phố bar ​​và một phố nhà hàng Nhật Bản, khá độc đáo! Gần đó cũng có nhiều quán cà phê, tuy nhiên đồ uống hơi đắt! …",Positive,True,Pricing_and_Fees,"Great location with many dining options, but drinks are expensive."
Trip.com Member,4 sao,một năm trước trên,"Khách sạn này khá tốt để ở một đêm, nhưng nếu bạn muốn ở nhiều ngày hơn thì tôi nghĩ nó không tiện lắm. Có rất nhiều mèo trong sảnh khách sạn và nếu bạn bị dị ứng thì hãy cẩn thận vì chúng đến và ngồi khắp nơi. Bữa sáng gồm trà và cháo yến …",Negative,True,Others,Presence of many cats in the lobby may cause issues for guests with allergies.
Trip.com Member,4 sao,một năm trước trên,Nơi nghỉ tuyệt vời để ở vài ngày. Rất hiện đại. Có vài thú cưng sống ở đó. Yên tĩnh và lịch sự vào ban đêm. Tôi thực sự thích nơi này - bạn được ăn sáng miễn phí đến 11 giờ ;) Hơi xa trung tâm một chút.,Positive,True,Location_and_Access,"Modern and quiet place with free breakfast, though slightly far from the center."
Trip.com Member,5 sao,một năm trước trên,"Chủ nhà (Coco) rất tốt bụng. Chó và mèo rất đáng yêu!!!! Tôi thích phòng ngủ tập thể chỉ dành cho nữ vì chỉ có 4 giường. Giường rất thoải mái. Phòng tắm riêng rất tuyệt! Phòng cũng có một cửa sổ lớn với dây leo xung quanh, rất quyến rũ và …",Positive,False,Boutique_Experience,"Very friendly host, comfortable beds, and charming room decor."
Trip.com Member,5 sao,2 năm trước trên,Nhà nghỉ rất tốt với môi trường sống tuyệt vời và khu vực sinh hoạt chung hoàn hảo để trò chuyện với những người đến từ khắp nơi trên thế giới. Rất nên chọn nếu bạn là người đi du lịch một mình và sẵn sàng chia sẻ câu chuyện của mình với người khác.,Positive,False,Boutique_Experience,Great social environment for solo travelers.
Hạnh Trịnh,5 sao,3 tháng trước trên,"Good good nice, phòng ok , có bầy tiếp tân 4 chân yêu lắm dth",Positive,False,Boutique_Experience,Good room and lovely pets on-site.
tui's journey,5 sao,2 năm trước trên,"Không gian ấm cúng cùng chó mèo, uống cafe chill. Gần dorm cái gì cũng có do mình không có thuê xe nên ngại di chuyển nhiều, từ nhà thuốc cửa hàng tiện lợi đến quán ăn. Chị chủ dễ thương, mấy bé lễ tân nhiệt tình giúp mình đỡ tốn thời gian suy nghĩ. 10₫ nha",Positive,False,Location_and_Access,Cozy atmosphere with helpful staff and convenient access to amenities.
Vũ Thị Kim Chi,5 sao,một năm trước trên,"Phòng ok, giá ok. Nhân sự không được thân thiện lắm. Có mấy con chó mèo dễ thương",Neutral,True,Staff_Service,"Room and price are fine, but the staff is not very friendly."
Cậu Tú Vlog CT,5 sao,10 tháng trước trên,"Tiện nghi  ,sạch sẽ, giá hợp lý",Positive,False,Room_Amenities,"Clean, well-equipped, and reasonably priced."
Gao Thoc,5 sao,9 tháng trước trên,Quá tuyệt vời,Positive,False,Others,Excellent experience.
Vo Thuy,1 sao,một năm trước trên,"Mình có đặt phòng qua Traveloka và có yêu cầu xuất hoá đơn thì Traveloka không nhận xuất hoá đơn và bên khách sạn cũng từ chối.
2 bên đùn đẩy cho nhau.
Các bạn đặt phòng nên cân nhắc nếu phải xuất VAT như mình khi đặt qua Traveloka 😵‍💫

Phòng nhỏ, vị trí vào ngõ bé.",Negative,True,Pricing_and_Fees,Issues with VAT invoice issuance and small room size in a narrow alley.
Thien Nguyen,1 sao,8 tháng trước trên,"Phòng thì cũ, giường thì dơ mà phục vụ và thái độ quá tệ",Negative,True,Cleanliness,"Dirty room, old facilities, and poor staff attitude."
P S,1 sao,Thời gian chỉnh sửa: 2 năm trước trên,"Khách sạn sạch sẽ phòng ốc ổn
Nhân viên thân thiện
Mỗi tội bị mất đồ của mình …",Negative,True,Others,"Clean room and friendly staff, but personal belongings were stolen."
Nguyen Anna,1 sao,6 năm trước trên,Bạn nam nhân ở quầy tiếp tân thái độ không tốt. Nói chuyện vô duyên. Khách đến mà hỏi “ có đi khách sạn nhiều chưa “ . Muốn đòi thêm tiền. Thái độ không tôn trọng khách.  (24/11 lúc 22:30 ),Negative,True,Staff_Service,Receptionist had a rude attitude and attempted to solicit extra money.
Ngoc Nguyen,1 sao,một năm trước trên,DV tệ thông tin phòng ko rõ ràng,Negative,True,Staff_Service,Poor service and unclear room information.
Bao Khoa Thai Le,1 sao,một tháng trước trên,Nhân viên lễ tân thái độ với khách hàng,Negative,True,Staff_Service,Receptionist had a bad attitude towards the customer.
Nam Anh Nguyen,1 sao,8 tháng trước trên,"Tôi đã ở lại khách sạn này một đêm vào tháng 11 năm 2025 và đó là một trải nghiệm RẤT TỆ, KINH KHỦNG. …",Negative,True,Others,Overall terrible and horrible experience.
Nick Ferguson,1 sao,2 năm trước trên,"Tôi đã ở đây nhiều lần, và mỗi lần đều gặp phải một vấn đề khác nhau. Vị trí thì tuyệt vời, gần quán cà phê yêu thích của tôi, đó là một điểm cộng lớn nên tôi mới cho họ nhiều cơ hội như vậy. …",Negative,True,Others,Great location but consistent issues across multiple stays.
Trọng Nhân Trương,1 sao,một năm trước trên,"Chính sách khách sạn cực kỳ cứng nhắc – Trải nghiệm đáng thất vọng
Tôi đã có một trải nghiệm rất khó chịu với khách sạn này do chính sách thiếu linh hoạt của họ. Ban đầu tôi đặt phòng 5 đêm qua Agoda, nhưng vô tình chọn 1 khách …",Negative,True,Pricing_and_Fees,Extremely rigid hotel policies leading to a frustrating experience.
Manuel Hackl,1 sao,3 năm trước trên,Được quảng cáo là khách sạn 4 sao. Thực chất nó chỉ là một tòa nhà căn hộ dịch vụ chứ không phải khách sạn đúng nghĩa. Ngay cả khách sạn 2 sao cũng có tiện nghi tốt hơn. Hình ảnh đăng tải không phản ánh thực tế. Bồn tắm Jacuzzi được quảng …,Negative,True,Boutique_Experience,Misleading advertising regarding star rating and poor facility quality.
Anders Bobek,1 sao,3 năm trước trên,"Máy lạnh không hoạt động nên phòng nóng như phòng xông hơi. Ga trải giường bẩn, đồ đạc của khách trước vẫn còn trong phòng khi chúng tôi đến - và chỗ đó đã kín phòng nên chúng tôi không thể có được một phòng sạch sẽ với máy lạnh hoạt động …",Negative,True,Cleanliness,Broken air conditioning and dirty room with previous guest's belongings left behind.
Brett,1 sao,6 năm trước trên,"Nơi này đã xuống cấp trầm trọng trong vài tuần qua. Thứ nhất, bạn sẽ không thể ngủ được ở đây vì tiếng ồn xây dựng kinh khủng nhất mà bạn từng nghe trong đời. Tiếng búa, tiếng khoan vang thẳng vào tai bạn lúc 7:30 sáng mỗi ngày, KỂ CẢ cuối …",Negative,True,Noise_and_Quietness,Severe construction noise starting early in the morning.
813namanhn,1 sao,8 tháng trước trên,"Tôi đã ở lại một đêm vào tháng 11 năm 2025 và đó là một trải nghiệm RẤT TỆ, KINH KHỦNG tại khách sạn này (The Bloom Pham Viet Chanh).|1/ Phòng: Ga trải giường cũ và bẩn, sờn rách. Ga bọc nệm có mùi khó chịu và bị ố vàng.|2/ Dịch vụ: Tôi đã …",Negative,True,Cleanliness,"Dirty, torn, and smelly bed linens."
Jack Nguyen,1 sao,8 tháng trước trên,"Dịch vụ tệ, giường cũ và bẩn.",Negative,True,Staff_Service,"Poor service and dirty, old beds."
DONGHO KIM,1 sao,3 tháng trước trên,"Dịch vụ tệ hại. Tôi không hề làm bẩn ga trải giường, nhưng họ tính thêm 1,3 triệu VND với lý do tôi làm bẩn, nên tôi phải gọi cảnh sát để giải quyết. Hình như đây là vấn đề thường xuyên xảy ra. Mọi người hãy cẩn thận.",Negative,True,Pricing_and_Fees,Unfair extra charges for alleged linen damage leading to police involvement.
tan nguyen,1 sao,một tuần trước trên,"Hãy tự chịu rủi ro khi ở khách sạn này! Nhân viên không hề đề cập đến việc có một cột phát sóng di động ngay bên ngoài cửa sổ phòng tôi, cách khoảng 3 mét.
Tôi yêu cầu đổi phòng, nhưng họ nói không thể và từ chối hoàn tiền nếu tôi hủy đặt phòng; tôi đã rời đi ngay lập tức mà không do dự. An toàn sức khỏe quan trọng hơn nhiều.",Negative,True,Others,Safety concerns regarding a cell tower outside the window and poor customer service.
Trip.com Member,2 sao,một năm trước trên,"Tôi đã đặt hai phòng cho một người bạn và thanh toán trước. Vào ngày đến, họ nói rằng phòng đôi chỉ dành cho một người, và hai người sẽ phải trả thêm 1 triệu Đài tệ. Ban đầu bạn tôi muốn xem phòng, nghĩ rằng nếu được xem thì họ sẽ bị lừa …",Negative,True,Pricing_and_Fees,Unexpected extra charges for additional guests despite prior booking.
Quan Nguyen,2 sao,một năm trước trên,"Tôi đã ở đây vài lần rồi, tổng cộng 4 lần, có lần ngắn ngày và có lần dài ngày. Tôi thậm chí còn rủ bạn mình đặt phòng ở khách sạn này nữa. Trước đây ở đây không có vấn đề gì lớn. Gần nhiều nơi. Ví dụ, quận 1 và 2 chỉ cách đó 10 phút. Khu …",Positive,False,Location_and_Access,Good location with convenient access to district 1 and 2.
Tsu An Chung,2 sao,một năm trước trên,"Tôi từng rất yêu thích khách sạn này và hầu như cứ một đến hai tuần lại ở đây một lần. Nhưng gần đây nó khiến tôi rất thất vọng. Khách sạn không cho phép trả phòng muộn dù dịch vụ này được ghi trên ứng dụng khi tôi đặt phòng, WiFi thì kém, …",Negative,True,Staff_Service,Refusal of late check-out and poor WiFi quality.
Carina Herzog,2 sao,2 năm trước trên,"Khách sạn có vị trí khá tốt. Tuy nhiên, các phòng đã cũ và tường được sơn lại. Bữa sáng cũng khá sơ sài... Tôi không biết những đánh giá 5 sao đến từ đâu; tôi chắc chắn không thấy khách sạn này xứng đáng 5 sao. Nó chỉ là khách sạn 2 sao là …",Negative,True,Room_Amenities,Old room conditions and poor breakfast quality.
Mihika Kulkarni,2 sao,3 năm trước trên,"Kỳ nghỉ này không tệ, căn hộ có thiết kế tuyệt vời và phòng cũng ổn. Tôi thích thiết kế và an ninh ở đây. Tuy nhiên, với cùng mức giá hoặc hơn một chút - với tư cách là khách du lịch, tôi khuyên nên ở trung tâm thành phố vì một vài lý do: …",Neutral,True,Location_and_Access,"The hotel design and security are good, but the location is inconvenient for tourists compared to the city center."
Trip.com Member,2 sao,một năm trước trên,"Ấn tượng ban đầu, phòng trông khá ổn nhưng khi quan sát kỹ hơn thì thấy không sạch sẽ. Nếu cởi giày ra, bạn sẽ cảm thấy những hạt bụi nhỏ trên sàn. Tôi còn tìm thấy một con bọ nhỏ trên giường và một con cá bạc cỡ trung bình trong bồn rửa …",Negative,True,Cleanliness,"The room was not clean, with dust on the floor, a bug on the bed, and a silverfish in the sink."
REVIEWER,3 sao,3 tuần trước trên,Cũng ổn.,Neutral,False,,The stay was acceptable.
Roya Destroyaa,3 sao,6 tháng trước trên,"Khách sạn không quảng cáo quá mức và trung thực về bản chất của mình; một khách sạn ba sao ổn định, phù hợp cho một hoặc hai đêm. Phòng rộng rãi và sạch sẽ, nhưng nệm giường tầng quá cứng, giống như ngủ trên những tấm bê tông. …",Neutral,True,Room_Amenities,"The room was clean and spacious, but the mattress was extremely hard."
Anch Thukral,3 sao,2 năm trước trên,"Nhìn chung, trải nghiệm của tôi khá tích cực và nhân viên rất dễ chịu. Tuy nhiên, tôi chỉ cho 3 sao vì thấy họ không cung cấp đủ nước cam cho bữa sáng. Ngay cả khi yêu cầu thêm, ly chỉ được rót đầy một phần tư, chủ yếu là đá. Tôi rất thích uống nước cam mỗi sáng và sẽ đánh giá họ 5 sao nếu họ đảm bảo cung cấp đủ nước cam cho tôi.",Neutral,True,F_and_B,"Staff were pleasant, but the breakfast service was disappointing due to insufficient orange juice."
Relax03384974085,3 sao,3 năm trước trên,"Nhân viên lễ tân và phục vụ bữa sáng rất nhiệt tình và thân thiện. | Thật không may, phòng của chúng tôi không giống như trong ảnh, và có một bức tường chắn trước cửa sổ. Một số bức tường trong phòng bị bẩn. | Tuy nhiên, khách sạn có vị trí tốt.",Negative,True,Room_Amenities,"Staff were friendly, but the room did not match the photos, had dirty walls, and an obstructed window view."
Cosme T,3 sao,3 năm trước trên,"Nằm cách trung tâm Thành phố Hồ Chí Minh khoảng 30 phút đi bộ, phòng ở mức trung bình, hơi xuống cấp và không giống với ảnh trên Booking.com. Ban công không thể sử dụng và bị bỏ hoang, còn hồ bơi trên sân thượng không dùng được. Bữa sáng ngon và đầy đủ.",Negative,True,Room_Amenities,"The room was worn out, did not match online photos, and facilities like the balcony and pool were unusable."
Ronny Engler,3 sao,3 năm trước trên,Thật tiếc là những ngày tốt đẹp nhất đã qua rồi. Nhân viên rất tốt và nhiệt tình – phòng hơi cũ – bồn tắm nước nóng thì liên tục được “bảo trì” (chúng tôi không thấy ai sửa chữa nó trong suốt bốn ngày). …,Negative,True,Room_Amenities,"The hotel is aging, and the hot tub was out of service for the entire duration of the stay."
Trip.com Member,4 sao,7 tháng trước trên,"Phòng khách sạn hơi nhỏ so với giá tiền, và bữa sáng thì hạn chế, chỉ có 1-3 món. Các phòng cũng không cách âm tốt, nên những người làm việc bên ngoài có thể nghe thấy mọi thứ. Tiếng ồn bên ngoài đã khiến tôi không ngủ ngon giấc vào ngày hôm đó.",Negative,True,Noise_and_Quietness,"The room was small for the price, breakfast was limited, and poor soundproofing caused sleep disturbance."
Trip.com Member,4 sao,2 tháng trước trên,"Giá cả hợp lý. Tuy nhiên, một số phòng không có tầm nhìn. Thật đáng tiếc.",Neutral,True,Room_Amenities,"The price is reasonable, but the lack of a view in some rooms is disappointing."
Janie Lin,4 sao,một năm trước trên,"Phòng ốc nhìn chung có hơi nhỏ, giá cả nhìn chung có hơi cao so với chất lượng phòng.
Các bạn nhân viên nhiệt tình và hỗ trợ tốt.",Negative,True,Pricing_and_Fees,"Room size is small and price is high relative to quality, despite good staff service."
Thanh Ung,4 sao,một năm trước trên,Nơi đây phù hợp với những người ngoại quốc đi công tác (nước ngoài)vì những tiện nghi và giá cả hợp lý OK,Positive,False,Pricing_and_Fees,Reasonable pricing and amenities suitable for business travelers.
Trip.com Member,4 sao,một tháng trước trên,"Tôi chọn nơi này chủ yếu vì có thể đậu xe máy ở đây. Ngoài ra, bồn tắm ngâm sâu rất hấp dẫn đối với tôi, vì tôi thích tắm bồn. Thêm nữa, khu vực này là một khu phố Nhật Bản khác ở Thành phố Hồ Chí Minh mà tôi chưa từng đến trước đây, vì vậy …",Positive,False,Room_Amenities,"Appreciated the parking availability, deep soaking tub, and the unique location."
Masa Okamura,4 sao,6 tháng trước trên,"Ý kiến ​​có thể khác nhau tùy thuộc vào phòng, nhưng dù sao đi nữa, ngay cả trong các phòng khách sạn cũng cần cải thiện đáng kể. Bữa sáng, hơn hết, rất đáng thất vọng - quá đơn giản. Những người khác cũng có ý kiến ​​tương tự, nhưng nếu …",Negative,True,F_and_B,Room conditions need improvement and the breakfast was very disappointing and simple.
NOZAWA HIROKI (ののの),4 sao,8 tháng trước trên,"Đây là lần đầu tiên tôi ở tại quận Bình Thạnh. Đây là khu phố Nhật Bản. Xung quanh có rất nhiều nhà hàng Nhật. Có rất nhiều người Nhật. Phòng rộng rãi và bồn tắm lớn, rất tuyệt. Tôi chỉ ở một đêm nên không dùng bếp, nhưng nó được trang bị …",Positive,False,Room_Amenities,Spacious room with a large bathtub and convenient location in the Japanese district.
